{"n_patients=3": {"sup_res": {"test_acc": 0.6183520555496216, "test_kappa": 0.2710666517575647, "val": 0.7586805820465088}, "logistic_res": {"test_acc": 0.6746336817741394, "test_kappa": 0.3431502567417483, "val": 0.8142361044883728}, "fully_tuned_res": {"test_acc": 0.6793596148490906, "test_kappa": 0.35078440224565693, "val": 0.8142361044883728}}, "n_patients=5": {"sup_res": {"test_acc": 0.613029956817627, "test_kappa": 0.255634485463066, "val": 0.7145833373069763}, "logistic_res": {"test_acc": 0.671326756477356, "test_kappa": 0.33408198142275136, "val": 0.7614583373069763}, "fully_tuned_res": {"test_acc": 0.6758954524993896, "test_kappa": 0.3368069462324061, "val": 0.7770833373069763}}, "n_patients=10": {"sup_res": {"test_acc": 0.624841034412384, "test_kappa": 0.28813567894481823, "val": 0.7322916388511658}, "logistic_res": {"test_acc": 0.6898164749145508, "test_kappa": 0.35832901869129896, "val": 0.778124988079071}, "fully_tuned_res": {"test_acc": 0.692814290523529, "test_kappa": 0.35191973463379006, "val": 0.7875000238418579}}, "n_patients=20": {"sup_res": {"test_acc": 0.6621875166893005, "test_kappa": 0.3318433979266203, "val": 0.7529131174087524}, "logistic_res": {"test_acc": 0.7033482193946838, "test_kappa": 0.38340855526677736, "val": 0.7831038236618042}, "fully_tuned_res": {"test_acc": 0.7083482146263123, "test_kappa": 0.38834994449827254, "val": 0.7987288236618042}}, "n_patients=50": {"sup_res": {"test_acc": 0.7182682752609253, "test_kappa": 0.3691257576841913, "val": 0.7019927501678467}, "logistic_res": {"test_acc": 0.7182682752609253, "test_kappa": 0.3801273309741275, "val": 0.7058423757553101}, "fully_tuned_res": {"test_acc": 0.7490574717521667, "test_kappa": 0.41921192703459176, "val": 0.734375}}, "n_patients=100": {"sup_res": {"test_acc": 0.709228515625, "test_kappa": 0.36531094466167074, "val": 0.7369882464408875}, "logistic_res": {"test_acc": 0.7006614208221436, "test_kappa": 0.35641865744055035, "val": 0.7196210622787476}, "fully_tuned_res": {"test_acc": 0.7310014367103577, "test_kappa": 0.3950233060321393, "val": 0.7580030560493469}}, "n_patients=250": {"sup_res": {"test_acc": 0.7466700673103333, "test_kappa": 0.44035856969840237, "val": 0.7363687753677368}, "logistic_res": {"test_acc": 0.7129983305931091, "test_kappa": 0.39647138296906004, "val": 0.7051187753677368}, "fully_tuned_res": {"test_acc": 0.7540051937103271, "test_kappa": 0.4594674292165188, "val": 0.752058744430542}}}