{"n_patients=3_test": {"sup_res": [{"test_acc": 0.6383682489395142, "kappa": 0.3009270551784737}], "logistic_res": [{"test_acc": 0.6467082500457764, "kappa": 0.3226806441176267}], "fully_tuned_res": [{"test_acc": 0.6528368592262268, "kappa": 0.3348688290187986}]}, "n_patients=5_test": {"sup_res": [{"test_acc": 0.6643149256706238, "kappa": 0.3218078857423931}], "logistic_res": [{"test_acc": 0.6686533689498901, "kappa": 0.3505613026196622}], "fully_tuned_res": [{"test_acc": 0.685354471206665, "kappa": 0.3734340631296364}]}, "n_patients=10_test": {"sup_res": [{"test_acc": 0.7060149312019348, "kappa": 0.39420223365302476}], "logistic_res": [{"test_acc": 0.7125647664070129, "kappa": 0.4002027375781126}], "fully_tuned_res": [{"test_acc": 0.7280232310295105, "kappa": 0.42385301982043705}]}, "n_patients=20_test": {"sup_res": [{"test_acc": 0.7541594505310059, "kappa": 0.4525196225029725}], "logistic_res": [{"test_acc": 0.7308664321899414, "kappa": 0.40957579995394966}], "fully_tuned_res": [{"test_acc": 0.7556337118148804, "kappa": 0.4528881533512143}]}, "n_patients=50_test": {"sup_res": [{"test_acc": 0.8084958791732788, "kappa": 0.5197559770342112}], "logistic_res": [{"test_acc": 0.7394170165061951, "kappa": 0.41658564525030484}], "fully_tuned_res": [{"test_acc": 0.796196460723877, "kappa": 0.4980732766454537}]}, "n_patients=100_test": {"sup_res": [{"test_acc": 0.7903626561164856, "kappa": 0.48620321275614486}], "logistic_res": [{"test_acc": 0.7306768894195557, "kappa": 0.4044849458377604}], "fully_tuned_res": [{"test_acc": 0.78819340467453, "kappa": 0.48532896875774}]}, "n_patients=250_test": {"sup_res": [{"test_acc": 0.7599090337753296, "kappa": 0.45296714540880384}], "logistic_res": [{"test_acc": 0.7138283848762512, "kappa": 0.37729011771627863}], "fully_tuned_res": [{"test_acc": 0.7685649394989014, "kappa": 0.4698857947267662}]}}