{"n_patients=3": {"sup_res": {"test": 0.5652250051498413, "val": 0.7026578187942505}, "logistic_res": {"test": 0.6440268754959106, "val": 0.7906976938247681}, "fully_tuned_res": {"test": 0.6432920694351196, "val": 0.8139534592628479}}, "n_patients=5": {"sup_res": {"test": 0.6246616244316101, "val": 0.7634854912757874}, "logistic_res": {"test": 0.6614145636558533, "val": 0.7769709825515747}, "fully_tuned_res": {"test": 0.6669674515724182, "val": 0.8215767741203308}}, "n_patients=10": {"sup_res": {"test": 0.6353001594543457, "val": 0.7038759589195251}, "logistic_res": {"test": 0.6854979991912842, "val": 0.7715762257575989}, "fully_tuned_res": {"test": 0.6927919983863831, "val": 0.788630485534668}}, "n_patients=20": {"sup_res": {"test": 0.6983763575553894, "val": 0.7392351031303406}, "logistic_res": {"test": 0.7158593535423279, "val": 0.749933123588562}, "fully_tuned_res": {"test": 0.719194233417511, "val": 0.7715966701507568}}, "n_patients=50": {"sup_res": {"test": 0.6961714625358582, "val": 0.7246332168579102}, "logistic_res": {"test": 0.7073963284492493, "val": 0.7406488656997681}, "fully_tuned_res": {"test": 0.7251974940299988, "val": 0.7536681294441223}}, "n_patients=100": {"sup_res": {"test": 0.7555578351020813, "val": 0.7386646270751953}, "logistic_res": {"test": 0.7270675301551819, "val": 0.7038740515708923}, "fully_tuned_res": {"test": 0.7667760848999023, "val": 0.7446163892745972}}}