{"n_patients=3": {"sup_res": {"test_acc": 0.6279098987579346, "test_kappa": 0.2756085048970876, "val": 0.6579861044883728}, "logistic_res": {"test_acc": 0.6345099806785583, "test_kappa": 0.3072846301979165, "val": 0.7222222089767456}, "fully_tuned_res": {"test_acc": 0.6342147588729858, "test_kappa": 0.31022358491237395, "val": 0.7378472089767456}}, "n_patients=5": {"sup_res": {"test_acc": 0.636866569519043, "test_kappa": 0.27582514946751785, "val": 0.6666666865348816}, "logistic_res": {"test_acc": 0.648585319519043, "test_kappa": 0.3239994403420759, "val": 0.7583333253860474}, "fully_tuned_res": {"test_acc": 0.6607896685600281, "test_kappa": 0.33591583773281974, "val": 0.7729166746139526}}, "n_patients=10": {"sup_res": {"test_acc": 0.6536146998405457, "test_kappa": 0.305050388658966, "val": 0.6981026530265808}, "logistic_res": {"test_acc": 0.6994521617889404, "test_kappa": 0.36865297888567167, "val": 0.7678571343421936}, "fully_tuned_res": {"test_acc": 0.7038927674293518, "test_kappa": 0.3719247146044743, "val": 0.7734375}}, "n_patients=20": {"sup_res": {"test_acc": 0.6978400945663452, "test_kappa": 0.34468674553202444, "val": 0.7310855388641357}, "logistic_res": {"test_acc": 0.7224682569503784, "test_kappa": 0.38928294090307364, "val": 0.7576754093170166}, "fully_tuned_res": {"test_acc": 0.724055826663971, "test_kappa": 0.39486305450175774, "val": 0.7667214870452881}}, "n_patients=50": {"sup_res": {"test_acc": 0.6985733509063721, "test_kappa": 0.3378130064910673, "val": 0.7297297120094299}, "logistic_res": {"test_acc": 0.7114130258560181, "test_kappa": 0.3613252396381082, "val": 0.7379645109176636}, "fully_tuned_res": {"test_acc": 0.7204710245132446, "test_kappa": 0.36819439651639513, "val": 0.7525337934494019}}, "n_patients=100": {"sup_res": {"test_acc": 0.7347939014434814, "test_kappa": 0.399026315953756, "val": 0.7348666787147522}, "logistic_res": {"test_acc": 0.7278401255607605, "test_kappa": 0.3975111042388535, "val": 0.7259069085121155}, "fully_tuned_res": {"test_acc": 0.7579172253608704, "test_kappa": 0.434597307655428, "val": 0.7506009340286255}}, "n_patients=250": {"sup_res": {"test_acc": 0.7284539341926575, "test_kappa": 0.4066441106589103, "val": 0.738183319568634}, "logistic_res": {"test_acc": 0.6976768374443054, "test_kappa": 0.36753579836333594, "val": 0.7091530561447144}, "fully_tuned_res": {"test_acc": 0.7452302575111389, "test_kappa": 0.4256381086128122, "val": 0.7533513307571411}}}