{"n_patients=3": {"sup_res": {"test_acc": 0.6881250143051147, "test_kappa": 0.3030256659038223, "val": 0.7586805820465088}, "logistic_res": {"test_acc": 0.6995833516120911, "test_kappa": 0.3293779892935467, "val": 0.8142361044883728}, "fully_tuned_res": {"test_acc": 0.7020833492279053, "test_kappa": 0.32789613675341606, "val": 0.8142361044883728}}, "n_patients=5": {"sup_res": {"test_acc": 0.7098817825317383, "test_kappa": 0.2833110298811735, "val": 0.7145833373069763}, "logistic_res": {"test_acc": 0.6913006901741028, "test_kappa": 0.30774692832554695, "val": 0.7614583373069763}, "fully_tuned_res": {"test_acc": 0.6921452879905701, "test_kappa": 0.3120073324050475, "val": 0.7770833373069763}}, "n_patients=10": {"sup_res": {"test_acc": 0.73291015625, "test_kappa": 0.36159326346753323, "val": 0.7322916388511658}, "logistic_res": {"test_acc": 0.76806640625, "test_kappa": 0.42627175701527314, "val": 0.778124988079071}, "fully_tuned_res": {"test_acc": 0.777099609375, "test_kappa": 0.41243817577517905, "val": 0.7875000238418579}}, "n_patients=20": {"sup_res": {"test_acc": 0.661057710647583, "test_kappa": 0.2683636392494622, "val": 0.7529131174087524}, "logistic_res": {"test_acc": 0.6883012652397156, "test_kappa": 0.3258287471802215, "val": 0.7831038236618042}, "fully_tuned_res": {"test_acc": 0.6870993375778198, "test_kappa": 0.324182541963453, "val": 0.7987288236618042}}, "n_patients=50": {"sup_res": {"test_acc": 0.6356431245803833, "test_kappa": 0.279204052824414, "val": 0.7018795013427734}, "logistic_res": {"test_acc": 0.6437953114509583, "test_kappa": 0.2889868892780635, "val": 0.7058423757553101}, "fully_tuned_res": {"test_acc": 0.6600996255874634, "test_kappa": 0.3126651173525564, "val": 0.7342617511749268}}, "n_patients=100": {"sup_res": {"test_acc": 0.7115885615348816, "test_kappa": 0.37355896083176904, "val": 0.7370426654815674}, "logistic_res": {"test_acc": 0.6970486044883728, "test_kappa": 0.3731275902769149, "val": 0.7196210622787476}, "fully_tuned_res": {"test_acc": 0.7204861044883728, "test_kappa": 0.3971588352127114, "val": 0.7580574750900269}}, "n_patients=250": {"sup_res": {"test_acc": 0.7746710777282715, "test_kappa": 0.4714281140224476, "val": 0.7363254427909851}, "logistic_res": {"test_acc": 0.7337582111358643, "test_kappa": 0.3975138675545274, "val": 0.7051187753677368}, "fully_tuned_res": {"test_acc": 0.7724095582962036, "test_kappa": 0.45853794387118074, "val": 0.7520804405212402}}}