{"n_patients=3_test": {"sup_res": [{"test_acc": 0.732130765914917, "kappa": 0.39332341485398786}], "logistic_res": [{"test_acc": 0.7149797081947327, "kappa": 0.37502332599269406}], "fully_tuned_res": [{"test_acc": 0.7543933987617493, "kappa": 0.4266602011084419}]}, "n_patients=5_test": {"sup_res": [{"test_acc": 0.732130765914917, "kappa": 0.39332341485398786}], "logistic_res": [{"test_acc": 0.7149797081947327, "kappa": 0.37502332599269406}], "fully_tuned_res": [{"test_acc": 0.7543933987617493, "kappa": 0.4266602011084419}]}, "n_patients=10_test": {"sup_res": [{"test_acc": 0.732130765914917, "kappa": 0.39332341485398786}], "logistic_res": [{"test_acc": 0.7149797081947327, "kappa": 0.37502332599269406}], "fully_tuned_res": [{"test_acc": 0.7543933987617493, "kappa": 0.4266602011084419}]}, "n_patients=20_test": {"sup_res": [{"test_acc": 0.732130765914917, "kappa": 0.39332341485398786}], "logistic_res": [{"test_acc": 0.7149797081947327, "kappa": 0.37502332599269406}], "fully_tuned_res": [{"test_acc": 0.7543933987617493, "kappa": 0.4266602011084419}]}, "n_patients=50_test": {"sup_res": [{"test_acc": 0.732130765914917, "kappa": 0.39332341485398786}], "logistic_res": [{"test_acc": 0.7149797081947327, "kappa": 0.37502332599269406}], "fully_tuned_res": [{"test_acc": 0.7543933987617493, "kappa": 0.4266602011084419}]}, "n_patients=100_test": {"sup_res": [{"test_acc": 0.732130765914917, "kappa": 0.39332341485398786}], "logistic_res": [{"test_acc": 0.7149797081947327, "kappa": 0.37502332599269406}], "fully_tuned_res": [{"test_acc": 0.7543933987617493, "kappa": 0.4266602011084419}]}, "n_patients=250_test": {"sup_res": [{"test_acc": 0.732130765914917, "kappa": 0.39332341485398786}], "logistic_res": [{"test_acc": 0.7149797081947327, "kappa": 0.37502332599269406}], "fully_tuned_res": [{"test_acc": 0.7543933987617493, "kappa": 0.4266602011084419}]}}