{"n_patients=3_test": {"sup_res": [{"test_acc": 0.6953965425491333, "kappa": 0.3812360132752389}], "logistic_res": [{"test_acc": 0.6901850700378418, "kappa": 0.3714534409073214}], "fully_tuned_res": [{"test_acc": 0.7102291584014893, "kappa": 0.3973622101792873}]}, "n_patients=5_test": {"sup_res": [{"test_acc": 0.6953965425491333, "kappa": 0.3812360132752389}], "logistic_res": [{"test_acc": 0.6901850700378418, "kappa": 0.3714534409073214}], "fully_tuned_res": [{"test_acc": 0.7102291584014893, "kappa": 0.3973622101792873}]}, "n_patients=10_test": {"sup_res": [{"test_acc": 0.6953965425491333, "kappa": 0.3812360132752389}], "logistic_res": [{"test_acc": 0.6901850700378418, "kappa": 0.3714534409073214}], "fully_tuned_res": [{"test_acc": 0.7102291584014893, "kappa": 0.3973622101792873}]}, "n_patients=20_test": {"sup_res": [{"test_acc": 0.6953965425491333, "kappa": 0.3812360132752389}], "logistic_res": [{"test_acc": 0.6901850700378418, "kappa": 0.3714534409073214}], "fully_tuned_res": [{"test_acc": 0.7102291584014893, "kappa": 0.3973622101792873}]}, "n_patients=50_test": {"sup_res": [{"test_acc": 0.6953965425491333, "kappa": 0.3812360132752389}], "logistic_res": [{"test_acc": 0.6901850700378418, "kappa": 0.3714534409073214}], "fully_tuned_res": [{"test_acc": 0.7102291584014893, "kappa": 0.3973622101792873}]}, "n_patients=100_test": {"sup_res": [{"test_acc": 0.6953965425491333, "kappa": 0.3812360132752389}], "logistic_res": [{"test_acc": 0.6901850700378418, "kappa": 0.3714534409073214}], "fully_tuned_res": [{"test_acc": 0.7102291584014893, "kappa": 0.3973622101792873}]}, "n_patients=250_test": {"sup_res": [{"test_acc": 0.6953965425491333, "kappa": 0.3812360132752389}], "logistic_res": [{"test_acc": 0.6901850700378418, "kappa": 0.3714534409073214}], "fully_tuned_res": [{"test_acc": 0.7102291584014893, "kappa": 0.3973622101792873}]}}