{"n_patients=3_test": {"sup_res": [{"test_acc": 0.5616133213043213, "kappa": 0.1912377408365641}], "logistic_res": [{"test_acc": 0.5684951543807983, "kappa": 0.21331670088634128}], "fully_tuned_res": [{"test_acc": 0.5707222819328308, "kappa": 0.21425538500723595}]}, "n_patients=5_test": {"sup_res": [{"test_acc": 0.5487850904464722, "kappa": 0.18009472352981676}], "logistic_res": [{"test_acc": 0.5832609534263611, "kappa": 0.22239866178494416}], "fully_tuned_res": [{"test_acc": 0.586490273475647, "kappa": 0.22961396160116337}]}, "n_patients=10_test": {"sup_res": [{"test_acc": 0.6170909404754639, "kappa": 0.26013852160573125}], "logistic_res": [{"test_acc": 0.6541502475738525, "kappa": 0.30156385247388656}], "fully_tuned_res": [{"test_acc": 0.6626800894737244, "kappa": 0.3119671232254697}]}, "n_patients=20_test": {"sup_res": [{"test_acc": 0.6685819625854492, "kappa": 0.339919947815212}], "logistic_res": [{"test_acc": 0.6791162490844727, "kappa": 0.35954904371516705}], "fully_tuned_res": [{"test_acc": 0.6952406167984009, "kappa": 0.37785521898032826}]}, "n_patients=50_test": {"sup_res": [{"test_acc": 0.6953965425491333, "kappa": 0.3812360132752389}], "logistic_res": [{"test_acc": 0.6901850700378418, "kappa": 0.3714534409073214}], "fully_tuned_res": [{"test_acc": 0.7102291584014893, "kappa": 0.3973622101792873}]}, "n_patients=100_test": {"sup_res": [{"test_acc": 0.7058417201042175, "kappa": 0.4013206447168515}], "logistic_res": [{"test_acc": 0.6919667720794678, "kappa": 0.3744676789552158}], "fully_tuned_res": [{"test_acc": 0.7253290414810181, "kappa": 0.4150343029586486}]}, "n_patients=250_test": {"sup_res": [{"test_acc": 0.7646600008010864, "kappa": 0.4772959271188797}], "logistic_res": [{"test_acc": 0.6910759210586548, "kappa": 0.37726491072920326}], "fully_tuned_res": [{"test_acc": 0.777978241443634, "kappa": 0.4844483985102997}]}}