{"n_patients=3": {"sup_res": {"test_acc": 0.5514323115348816, "test_kappa": 0.15889751935075613, "val": 0.6458333134651184}, "logistic_res": {"test_acc": 0.5377604365348816, "test_kappa": 0.1701988280536343, "val": 0.7065972089767456}, "fully_tuned_res": {"test_acc": 0.5377604365348816, "test_kappa": 0.16857604543202834, "val": 0.71875}}, "n_patients=5": {"sup_res": {"test_acc": 0.5735759735107422, "test_kappa": 0.17757615578613256, "val": 0.6573660969734192}, "logistic_res": {"test_acc": 0.576938271522522, "test_kappa": 0.22616992892574814, "val": 0.6919642686843872}, "fully_tuned_res": {"test_acc": 0.564280092716217, "test_kappa": 0.21446046844174263, "val": 0.6964285969734192}}, "n_patients=10": {"sup_res": {"test_acc": 0.6832770109176636, "test_kappa": 0.29138632101202927, "val": 0.6918103694915771}, "logistic_res": {"test_acc": 0.7062922120094299, "test_kappa": 0.3307267745757768, "val": 0.7128232717514038}, "fully_tuned_res": {"test_acc": 0.7172719836235046, "test_kappa": 0.33972388107274476, "val": 0.7225215435028076}}, "n_patients=20": {"sup_res": {"test_acc": 0.6446496248245239, "test_kappa": 0.27960208512926077, "val": 0.7369364500045776}, "logistic_res": {"test_acc": 0.6460700631141663, "test_kappa": 0.2941972680221409, "val": 0.7464139461517334}, "fully_tuned_res": {"test_acc": 0.6628788113594055, "test_kappa": 0.33210001152746405, "val": 0.7599897384643555}}, "n_patients=50": {"sup_res": {"test_acc": 0.6814236044883728, "test_kappa": 0.3462523348206098, "val": 0.7523070573806763}, "logistic_res": {"test_acc": 0.693359375, "test_kappa": 0.3711724699497496, "val": 0.7465394139289856}, "fully_tuned_res": {"test_acc": 0.7185329794883728, "test_kappa": 0.3821206945531286, "val": 0.7744337320327759}}, "n_patients=100": {"sup_res": {"test_acc": 0.8120719194412231, "test_kappa": 0.5022148204637841, "val": 0.7425107955932617}, "logistic_res": {"test_acc": 0.7639126777648926, "test_kappa": 0.45220795443276907, "val": 0.7222521305084229}, "fully_tuned_res": {"test_acc": 0.8204195499420166, "test_kappa": 0.5115309812470813, "val": 0.756142258644104}}, "n_patients=250": {"sup_res": {"test_acc": 0.7502140402793884, "test_kappa": 0.46736759629237057, "val": 0.7463171482086182}, "logistic_res": {"test_acc": 0.7497859597206116, "test_kappa": 0.44247604842153976, "val": 0.7068950533866882}, "fully_tuned_res": {"test_acc": 0.7690496444702148, "test_kappa": 0.47774190375727554, "val": 0.762530505657196}}}