{"n_patients=3_test": {"sup_res": [{"test_acc": 0.6334065794944763, "kappa": 0.2870444088673428}], "logistic_res": [{"test_acc": 0.6924847960472107, "kappa": 0.36279339397590593}], "fully_tuned_res": [{"test_acc": 0.6969203948974609, "kappa": 0.3680115745175465}]}, "n_patients=5_test": {"sup_res": [{"test_acc": 0.6227399706840515, "kappa": 0.27357239121308063}], "logistic_res": [{"test_acc": 0.6832967400550842, "kappa": 0.36764506653274326}], "fully_tuned_res": [{"test_acc": 0.6853244304656982, "kappa": 0.37156325767716897}]}, "n_patients=10_test": {"sup_res": [{"test_acc": 0.643439531326294, "kappa": 0.30055147517289466}], "logistic_res": [{"test_acc": 0.7065309286117554, "kappa": 0.38143478221621363}], "fully_tuned_res": [{"test_acc": 0.7085797786712646, "kappa": 0.3776286358583072}]}, "n_patients=20_test": {"sup_res": [{"test_acc": 0.6798960566520691, "kappa": 0.3385253188850562}], "logistic_res": [{"test_acc": 0.7170285582542419, "kappa": 0.39713114476649625}], "fully_tuned_res": [{"test_acc": 0.7234073877334595, "kappa": 0.4003376555276352}]}, "n_patients=50_test": {"sup_res": [{"test_acc": 0.732130765914917, "kappa": 0.39332341485398786}], "logistic_res": [{"test_acc": 0.7149797081947327, "kappa": 0.37502332599269406}], "fully_tuned_res": [{"test_acc": 0.7543933987617493, "kappa": 0.4266602011084419}]}, "n_patients=100_test": {"sup_res": [{"test_acc": 0.8089514970779419, "kappa": 0.5120732552905428}], "logistic_res": [{"test_acc": 0.7281387448310852, "kappa": 0.3862268495742835}], "fully_tuned_res": [{"test_acc": 0.8081488609313965, "kappa": 0.5063812583945106}]}, "n_patients=250_test": {"sup_res": [{"test_acc": 0.7801199555397034, "kappa": 0.4653438334189667}], "logistic_res": [{"test_acc": 0.7235552668571472, "kappa": 0.38774927099248724}], "fully_tuned_res": [{"test_acc": 0.8012208342552185, "kappa": 0.502654682609653}]}}