{"n_patients=3": {"sup_res": {"test_acc": 0.5978483557701111, "test_kappa": 0.2601231446471513, "val": 0.6163194179534912}, "logistic_res": {"test_acc": 0.6334528923034668, "test_kappa": 0.29589258431898324, "val": 0.734375}, "fully_tuned_res": {"test_acc": 0.6434426307678223, "test_kappa": 0.30455918652418373, "val": 0.7378472089767456}}, "n_patients=5": {"sup_res": {"test_acc": 0.6319159865379333, "test_kappa": 0.2296475436284555, "val": 0.6666666865348816}, "logistic_res": {"test_acc": 0.7205430269241333, "test_kappa": 0.3800583645165256, "val": 0.7583333253860474}, "fully_tuned_res": {"test_acc": 0.728227436542511, "test_kappa": 0.38866459987775476, "val": 0.7729166746139526}}, "n_patients=10": {"sup_res": {"test_acc": 0.6608073115348816, "test_kappa": 0.26830685388185244, "val": 0.6981026530265808}, "logistic_res": {"test_acc": 0.6723090410232544, "test_kappa": 0.29534424826442035, "val": 0.7678571343421936}, "fully_tuned_res": {"test_acc": 0.6829426884651184, "test_kappa": 0.30086999907102385, "val": 0.7734375}}, "n_patients=20": {"sup_res": {"test_acc": 0.66015625, "test_kappa": 0.3330472381871963, "val": 0.7310855388641357}, "logistic_res": {"test_acc": 0.6924341917037964, "test_kappa": 0.37576427935685763, "val": 0.7576754093170166}, "fully_tuned_res": {"test_acc": 0.6854440569877625, "test_kappa": 0.39071284549320956, "val": 0.7667214870452881}}, "n_patients=50": {"sup_res": {"test_acc": 0.7074424624443054, "test_kappa": 0.3201814624514644, "val": 0.7294130325317383}, "logistic_res": {"test_acc": 0.7156661152839661, "test_kappa": 0.32724935577682557, "val": 0.7379645109176636}, "fully_tuned_res": {"test_acc": 0.7267680764198303, "test_kappa": 0.33091479993640194, "val": 0.7525337934494019}}, "n_patients=100": {"sup_res": {"test_acc": 0.651494562625885, "test_kappa": 0.3027214531298593, "val": 0.7349213361740112}, "logistic_res": {"test_acc": 0.6413043737411499, "test_kappa": 0.29012625552522137, "val": 0.7259069085121155}, "fully_tuned_res": {"test_acc": 0.6668931245803833, "test_kappa": 0.32003397047783344, "val": 0.7506009340286255}}, "n_patients=250": {"sup_res": {"test_acc": 0.7633634805679321, "test_kappa": 0.44965890686521254, "val": 0.738161563873291}, "logistic_res": {"test_acc": 0.7543174624443054, "test_kappa": 0.43180408222630734, "val": 0.7091530561447144}, "fully_tuned_res": {"test_acc": 0.7831003069877625, "test_kappa": 0.47109876530849304, "val": 0.7533513307571411}}}