{"n_patients=3": {"sup_res": {"test_acc": 0.6162242889404297, "test_kappa": 0.23579204566604867, "val": 0.6701388955116272}, "logistic_res": {"test_acc": 0.7168236374855042, "test_kappa": 0.35174313234052473, "val": 0.7413194179534912}, "fully_tuned_res": {"test_acc": 0.7191780805587769, "test_kappa": 0.3506636477503615, "val": 0.7326388955116272}}, "n_patients=5": {"sup_res": {"test_acc": 0.6243990659713745, "test_kappa": 0.28267715886551315, "val": 0.7388392686843872}, "logistic_res": {"test_acc": 0.6768830418586731, "test_kappa": 0.33235130392995665, "val": 0.7979910969734192}, "fully_tuned_res": {"test_acc": 0.6965144276618958, "test_kappa": 0.3499263829763953, "val": 0.7991071343421936}}, "n_patients=10": {"sup_res": {"test_acc": 0.7131076455116272, "test_kappa": 0.40352614939892056, "val": 0.7291666865348816}, "logistic_res": {"test_acc": 0.7367621660232544, "test_kappa": 0.42679624104558944, "val": 0.7838541865348816}, "fully_tuned_res": {"test_acc": 0.7450087070465088, "test_kappa": 0.43730019840385254, "val": 0.7958333492279053}}, "n_patients=20": {"sup_res": {"test_acc": 0.6905438303947449, "test_kappa": 0.39268063495998096, "val": 0.7415021657943726}, "logistic_res": {"test_acc": 0.7090097665786743, "test_kappa": 0.43080883822047644, "val": 0.7686403393745422}, "fully_tuned_res": {"test_acc": 0.7219967246055603, "test_kappa": 0.4318168410494671, "val": 0.7845394611358643}}, "n_patients=50": {"sup_res": {"test_acc": 0.7836044430732727, "test_kappa": 0.4503944867456179, "val": 0.7109375}, "logistic_res": {"test_acc": 0.7572773694992065, "test_kappa": 0.43781911589146955, "val": 0.7126116156578064}, "fully_tuned_res": {"test_acc": 0.813998281955719, "test_kappa": 0.49836412338640046, "val": 0.7458705306053162}}, "n_patients=100": {"sup_res": {"test_acc": 0.7495887875556946, "test_kappa": 0.4158488346959563, "val": 0.7159796357154846}, "logistic_res": {"test_acc": 0.7393091917037964, "test_kappa": 0.404028017397153, "val": 0.6908798813819885}, "fully_tuned_res": {"test_acc": 0.7680920958518982, "test_kappa": 0.4453295829715036, "val": 0.7393617033958435}}, "n_patients=250": {"sup_res": {"test_acc": 0.6880040168762207, "test_kappa": 0.4375723037766318, "val": 0.7416637539863586}, "logistic_res": {"test_acc": 0.6716229915618896, "test_kappa": 0.41447018594892887, "val": 0.6993933320045471}, "fully_tuned_res": {"test_acc": 0.6943044066429138, "test_kappa": 0.4617628786574628, "val": 0.7561976313591003}}}